"","Ano da eleição","UF","Turno","Cargo","Quantidade de abstenções","Quantidade de votos brancos","Quantidade de votos nulos","Quantidade de eleitores aptos","Alienação Absoluta","Alienação Percentual"
"1",1998,"AC",1,"Deputado Estadual",79357,8560,11311,318955,"99.228",31.11
"2",1998,"AC",1,"Deputado Federal",79357,15242,14901,318955,"109.500",34.33
"3",1998,"AC",1,"Governador",79357,25886,18067,318955,"123.310",38.66
"4",1998,"AC",1,"Senador",79357,22676,21273,318955,"123.306",38.66
"5",1998,"AL",1,"Deputado Estadual",390465,64016,63457,1383600,"517.938",37.43
"6",1998,"AL",1,"Deputado Federal",390465,69792,64748,1383600,"525.005",37.94
"7",1998,"AL",1,"Governador",390465,73109,253827,1383600,"717.401",51.85
"8",1998,"AL",1,"Senador",390465,89266,233358,1383600,"713.089",51.54
"9",1998,"AM",1,"Deputado Estadual",398436,50646,46257,1368084,"495.339",36.21
"10",1998,"AM",1,"Deputado Federal",398436,60153,54110,1368084,"512.699",37.48
"11",1998,"AM",1,"Governador",398436,62428,88792,1368084,"549.656",40.18
"12",1998,"AM",1,"Senador",398436,80457,76795,1368084,"555.688",40.62
"13",1998,"AP",1,"Deputado Estadual",28941,2441,3776,213289,"35.158",16.48
"14",1998,"AP",1,"Deputado Federal",28941,3102,3844,213289,"35.887",16.83
"15",1998,"AP",1,"Governador",28941,2023,15527,213289,"46.491",21.8
"16",1998,"AP",1,"Senador",28941,3711,16316,213289,"48.968",22.96
"17",1998,"AP",2,"Governador",34623,581,3283,213289,"38.487",18.04
"18",1998,"BA",1,"Deputado Estadual",2525734,580349,641511,7932156,"3.747.594",47.25
"19",1998,"BA",1,"Deputado Federal",2525734,616324,636299,7932156,"3.778.357",47.63
"20",1998,"BA",1,"Governador",2525734,1420021,525077,7932156,"4.470.832",56.36
"21",1998,"BA",1,"Senador",2525734,969294,910099,7932156,"4.405.127",55.54
"22",1998,"CE",1,"Deputado Estadual",1001036,279486,290677,4301105,"1.571.199",36.53
"23",1998,"CE",1,"Deputado Federal",1001036,335883,303956,4301105,"1.640.875",38.15
"24",1998,"CE",1,"Governador",1001036,560499,237737,4301105,"1.799.272",41.83
"25",1998,"CE",1,"Senador",1001036,637352,359419,4301105,"1.997.807",46.45
"26",1998,"DF",1,"Deputado Estadual",196417,35007,26335,1267925,"257.759",20.33
"27",1998,"DF",1,"Deputado Federal",196417,41447,30325,1267925,"268.189",21.15
"28",1998,"DF",1,"Governador",196417,17814,54127,1267925,"268.358",21.17
"29",1998,"DF",1,"Senador",196417,32646,72780,1267925,"301.843",23.81
"30",1998,"DF",2,"Governador",203003,6810,18836,1267925,"228.649",18.03
"31",1998,"ES",1,"Deputado Estadual",418119,113642,100591,1916884,"632.352",32.99
"32",1998,"ES",1,"Deputado Federal",418119,165690,122157,1916884,"705.966",36.83
"33",1998,"ES",1,"Governador",418119,200647,117135,1916884,"735.901",38.39
"34",1998,"ES",1,"Senador",418119,217109,134608,1916884,"769.836",40.16
"35",1998,"GO",1,"Deputado Estadual",607001,182330,193868,2948532,"983.199",33.35
"36",1998,"GO",1,"Deputado Federal",607001,250301,237060,2948532,"1.94.362",37.12
"37",1998,"GO",1,"Governador",607001,259223,134018,2948532,"1.0.242",33.92
"38",1998,"GO",1,"Senador",607001,278147,221840,2948532,"1.106.988",37.54
"39",1998,"GO",2,"Governador",701318,16191,58095,2948932,"775.604",26.3
"40",1998,"MA",1,"Deputado Estadual",927211,151803,171378,2986755,"1.250.392",41.86
"41",1998,"MA",1,"Deputado Federal",927211,289085,217899,2986755,"1.434.195",48.02
"42",1998,"MA",1,"Governador",927211,377993,157817,2986755,"1.463.021",48.98
"43",1998,"MA",1,"Senador",927211,515669,258310,2986755,"1.701.190",56.96
"44",1998,"MG",1,"Deputado Estadual",2349190,1054392,990570,11814791,"4.394.152",37.19
"45",1998,"MG",1,"Deputado Federal",2349190,1186031,1056802,11814791,"4.592.023",38.87
"46",1998,"MG",1,"Governador",2349190,1625047,815417,11814791,"4.789.654",40.54
"47",1998,"MG",1,"Senador",2349190,1830028,1364054,11814791,"5.543.272",46.92
"48",1998,"MG",2,"Governador",2824585,149559,494929,11815183,"3.469.073",29.36
"49",1998,"MS",1,"Deputado Estadual",259790,69553,85184,1256907,"414.527",32.98
"50",1998,"MS",1,"Deputado Federal",259790,98828,100418,1256907,"459.036",36.52
"51",1998,"MS",1,"Governador",259790,116816,76770,1256907,"453.376",36.07
"52",1998,"MS",1,"Senador",259790,150722,101812,1256907,"512.324",40.76
"53",1998,"MS",2,"Governador",321627,9503,31271,1256907,"362.401",28.83
"54",1998,"MT",1,"Deputado Estadual",439757,79364,109952,1516451,"629.073",41.48
"55",1998,"MT",1,"Deputado Federal",439757,121322,134178,1516451,"695.257",45.85
"56",1998,"MT",1,"Governador",439757,136908,64078,1516451,"640.743",42.25
"57",1998,"MT",1,"Senador",439757,130982,99711,1516451,"670.450",44.21
"58",1998,"PA",1,"Deputado Estadual",1071362,158437,150788,3218566,"1.380.587",42.89
"59",1998,"PA",1,"Deputado Federal",1071362,230197,194589,3218566,"1.496.148",46.48
"60",1998,"PA",1,"Governador",1071362,226617,184192,3218566,"1.482.171",46.05
"61",1998,"PA",1,"Senador",1071362,303144,188341,3218566,"1.562.847",48.56
"62",1998,"PA",2,"Governador",1302651,25548,70686,3220132,"1.398.885",43.44
"63",1998,"PB",1,"Deputado Estadual",547654,164483,227070,2223259,"939.207",42.24
"64",1998,"PB",1,"Deputado Federal",547654,226939,260023,2223259,"1.34.616",46.54
"65",1998,"PB",1,"Governador",547654,374347,213743,2223259,"1.135.744",51.08
"66",1998,"PB",1,"Senador",547654,334841,247112,2223259,"1.129.607",50.81
"67",1998,"PE",1,"Deputado Estadual",1309006,456514,379454,5117448,"2.144.974",41.91
"68",1998,"PE",1,"Deputado Federal",1309006,512703,405625,5117448,"2.227.334",43.52
"69",1998,"PE",1,"Governador",1309006,546957,439918,5117448,"2.295.881",44.86
"70",1998,"PE",1,"Senador",1309006,781602,498331,5117448,"2.588.939",50.59
"71",1998,"PI",1,"Deputado Estadual",434557,121994,136995,1781150,"693.546",38.94
"72",1998,"PI",1,"Deputado Federal",434557,183668,174872,1781150,"793.097",44.53
"73",1998,"PI",1,"Governador",434557,236622,94738,1781150,"765.917",43
"74",1998,"PI",1,"Senador",434557,284620,126218,1781150,"845.395",47.46
"75",1998,"PI",2,"Governador",473142,14444,42991,1781150,"530.577",29.79
"76",1998,"PR",1,"Deputado Estadual",1348511,404670,517892,6384210,"2.271.073",35.57
"77",1998,"PR",1,"Deputado Federal",1348511,477238,581296,6384210,"2.407.045",37.7
"78",1998,"PR",1,"Governador",1348511,678964,466319,6384210,"2.493.794",39.06
"79",1998,"PR",1,"Senador",1348511,640222,507731,6384210,"2.496.464",39.1
"80",1998,"RJ",1,"Deputado Estadual",849657,176061,175271,4327550,"1.200.989",27.75
"81",1998,"RJ",1,"Deputado Federal",849688,183202,186086,4328100,"1.218.976",28.16
"82",1998,"RJ",1,"Governador",849215,146400,438925,4324894,"1.434.540",33.17
"83",1998,"RJ",1,"Senador",849352,242233,529948,4325416,"1.621.533",37.49
"84",1998,"RJ",2,"Governador",2268906,83868,272595,9971830,"2.625.369",26.33
"85",1998,"RN",1,"Deputado Estadual",329355,128387,148579,1728975,"606.321",35.07
"86",1998,"RN",1,"Deputado Federal",329355,185306,175185,1728975,"689.846",39.9
"87",1998,"RN",1,"Governador",329355,169169,112916,1728975,"611.440",35.36
"88",1998,"RN",1,"Senador",329355,228856,140663,1728975,"698.874",40.42
"89",1998,"RO",1,"Deputado Estadual",250775,34464,43489,836179,"328.728",39.31
"90",1998,"RO",1,"Deputado Federal",250775,60606,65250,836179,"376.631",45.04
"91",1998,"RO",1,"Governador",250775,85724,41361,836179,"377.860",45.19
"92",1998,"RO",1,"Senador",250775,78777,56849,836179,"386.401",46.21
"93",1998,"RO",2,"Governador",313130,4322,17524,836179,"334.976",40.06
"94",1998,"RR",1,"Deputado Estadual",36897,2420,2524,170620,"41.841",24.52
"95",1998,"RR",1,"Deputado Federal",36897,3354,4085,170620,"44.336",25.99
"96",1998,"RR",1,"Governador",36897,1852,10034,170620,"48.783",28.59
"97",1998,"RR",1,"Senador",36897,4742,9641,170620,"51.280",30.06
"98",1998,"RR",2,"Governador",42837,672,1870,170620,"45.379",26.6
"99",1998,"RS",1,"Deputado Estadual",1023119,434397,366692,6846077,"1.824.208",26.65
"100",1998,"RS",1,"Deputado Federal",1023119,561884,410343,6846077,"1.995.346",29.15
"101",1998,"RS",1,"Governador",1023119,543222,281068,6846077,"1.847.409",26.98
"102",1998,"RS",1,"Senador",1023119,747930,501087,6846077,"2.272.136",33.19
"103",1998,"RS",2,"Governador",1097872,46634,99403,6846077,"1.243.909",18.17
"104",1998,"SC",1,"Deputado Estadual",573108,189557,259294,3516811,"1.21.959",29.06
"105",1998,"SC",1,"Deputado Federal",573108,297582,306345,3516811,"1.177.035",33.47
"106",1998,"SC",1,"Governador",573108,328593,188303,3516811,"1.90.004",30.99
"107",1998,"SC",1,"Senador",573108,410277,258008,3516811,"1.241.393",35.3
"108",1998,"SE",1,"Deputado Estadual",234205,67186,88150,1081138,"389.541",36.03
"109",1998,"SE",1,"Deputado Federal",234205,122480,105102,1081138,"461.787",42.71
"110",1998,"SE",1,"Governador",234205,79452,110835,1081138,"424.492",39.26
"111",1998,"SE",1,"Senador",234205,127032,87952,1081138,"449.189",41.55
"112",1998,"SE",2,"Governador",264014,9742,44403,1081138,"318.159",29.43
"113",1998,"SP",1,"Deputado Estadual",3850137,1875077,1839797,23318077,"7.565.011",32.44
"114",1998,"SP",1,"Deputado Federal",3850137,1937367,1918500,23318077,"7.706.004",33.05
"115",1998,"SP",1,"Governador",3850137,1465990,1389949,23318077,"6.706.076",28.76
"116",1998,"SP",1,"Senador",3850137,1841153,2027494,23318077,"7.718.784",33.1
"117",1998,"SP",2,"Governador",4146967,381905,1091311,23321034,"5.620.183",24.1
"118",1998,"TO",1,"Deputado Estadual",125178,32600,36003,624056,"193.781",31.05
"119",1998,"TO",1,"Deputado Federal",125178,46891,39035,624056,"211.104",33.83
"120",1998,"TO",1,"Governador",125178,75507,25282,624056,"225.967",36.21
"121",1998,"TO",1,"Senador",125178,71292,37210,624056,"233.680",37.45
"122",2002,"AC",1,"Deputado Estadual",79355,4079,7275,369786,"90.709",24.53
"123",2002,"AC",1,"Deputado Federal",79355,4467,7190,369786,"91.012",24.61
"124",2002,"AC",1,"Governador",79355,3384,26628,369786,"109.367",29.58
"125",2002,"AC",1,"Presidente",79355,3968,21574,369786,"104.897",28.37
"126",2002,"AC",1,"Senador",79355,16929,75948,369786,"172.232",46.58
"127",2002,"AC",2,"Presidente",125550,2523,7547,369786,"135.620",36.68
"128",2002,"AL",1,"Deputado Estadual",338349,45709,41959,1598446,"426.017",26.65
"129",2002,"AL",1,"Deputado Federal",338349,52059,40774,1598446,"431.182",26.98
"130",2002,"AL",1,"Governador",338344,45932,169331,1598446,"553.607",34.63
"131",2002,"AL",1,"Presidente",338344,47296,136620,1598446,"522.260",32.67
"132",2002,"AL",1,"Senador",338344,187312,404539,1598446,"930.195",58.19
"133",2002,"AL",2,"Presidente",438218,20244,47719,1600092,"506.181",31.63
"134",2002,"AM",1,"Deputado Estadual",331920,23198,16067,1523155,"371.185",24.37
"135",2002,"AM",1,"Deputado Federal",331920,26738,15605,1523155,"374.263",24.57
"136",2002,"AM",1,"Governador",331917,15857,90669,1523155,"438.443",28.79
"137",2002,"AM",1,"Presidente",331917,16124,64072,1523155,"412.113",27.06
"138",2002,"AM",1,"Senador",331917,69308,243563,1523155,"644.788",42.33
"139",2002,"AM",2,"Presidente",453174,12330,25645,1524358,"491.149",32.22
"140",2002,"AP",1,"Deputado Estadual",42260,2401,3222,290101,"47.883",16.51
"141",2002,"AP",1,"Deputado Federal",42260,3251,3431,290101,"48.942",16.87
"142",2002,"AP",1,"Governador",42259,2214,11592,290101,"56.065",19.33
"143",2002,"AP",1,"Presidente",42259,2017,12552,290101,"56.828",19.59
"144",2002,"AP",1,"Senador",42259,11148,46507,290101,"99.914",34.44
"145",2002,"AP",2,"Governador",52281,1376,5852,290101,"59.509",20.51
"146",2002,"AP",2,"Presidente",52281,2067,8180,290101,"62.528",21.55
"147",2002,"BA",1,"Deputado Estadual",2168026,265322,234976,8567328,"2.668.324",31.15
"148",2002,"BA",1,"Deputado Federal",2168026,246988,196154,8567328,"2.611.168",30.48
"149",2002,"BA",1,"Governador",2168016,311961,740409,8567328,"3.220.386",37.59
"150",2002,"BA",1,"Presidente",2168016,216749,937516,8567328,"3.322.281",38.78
"151",2002,"BA",1,"Senador",2168016,851621,2155298,8567328,"5.174.935",60.4
"152",2002,"BA",2,"Presidente",2526746,94161,299015,8568602,"2.919.922",34.08
"153",2002,"CE",1,"Deputado Estadual",945130,136054,117378,4805259,"1.198.562",24.94
"154",2002,"CE",1,"Deputado Federal",945130,126726,105072,4805259,"1.176.928",24.49
"155",2002,"CE",1,"Governador",945124,165593,428579,4805259,"1.539.296",32.03
"156",2002,"CE",1,"Presidente",945124,102111,319650,4805259,"1.366.885",28.45
"157",2002,"CE",1,"Senador",945124,480058,1161944,4805259,"2.587.126",53.84
"158",2002,"CE",2,"Governador",1106026,46880,123948,4805259,"1.276.854",26.57
"159",2002,"CE",2,"Presidente",1106026,75630,144851,4805259,"1.326.507",27.61
"160",2002,"DF",1,"Deputado Estadual",233720,31191,18651,1517093,"283.562",18.69
"161",2002,"DF",1,"Deputado Federal",233720,36582,23722,1517093,"294.024",19.38
"162",2002,"DF",1,"Governador",233634,22473,46523,1516598,"302.630",19.95
"163",2002,"DF",1,"Presidente",233634,17517,55513,1516598,"306.664",20.22
"164",2002,"DF",1,"Senador",233634,101932,192456,1516598,"528.022",34.82
"165",2002,"DF",2,"Governador",207722,12353,29628,1518437,"249.703",16.44
"166",2002,"DF",2,"Presidente",207722,18826,42696,1518437,"269.244",17.73
"167",2002,"ES",1,"Deputado Estadual",378376,66531,35424,2146425,"480.331",22.38
"168",2002,"ES",1,"Deputado Federal",378376,78218,36705,2146425,"493.299",22.98
"169",2002,"ES",1,"Governador",378376,78873,167925,2146425,"625.174",29.13
"170",2002,"ES",1,"Presidente",378376,50398,105655,2146425,"534.429",24.9
"171",2002,"ES",1,"Senador",378376,223588,366978,2146425,"968.942",45.14
"172",2002,"ES",2,"Presidente",475336,33220,47203,2146425,"555.759",25.89
"173",2002,"GO",1,"Deputado Estadual",573047,101123,62168,3365848,"736.338",21.88
"174",2002,"GO",1,"Deputado Federal",573047,111277,66149,3365848,"750.473",22.3
"175",2002,"GO",1,"Governador",573047,69332,181617,3365848,"823.996",24.48
"176",2002,"GO",1,"Presidente",573047,62565,189953,3365848,"825.565",24.53
"177",2002,"GO",1,"Senador",573047,334752,616151,3365848,"1.523.950",45.28
"178",2002,"GO",2,"Presidente",746746,40298,83498,3365848,"870.542",25.86
"179",2002,"MA",1,"Deputado Estadual",812057,82713,74769,3388659,"969.539",28.61
"180",2002,"MA",1,"Deputado Federal",812057,86633,61667,3388659,"960.357",28.34
"181",2002,"MA",1,"Governador",812044,102178,207547,3388659,"1.121.769",33.1
"182",2002,"MA",1,"Presidente",812044,89385,423941,3388659,"1.325.370",39.11
"183",2002,"MA",1,"Senador",812044,294301,791231,3388659,"1.897.576",56
"184",2002,"MA",2,"Presidente",1162341,36102,90307,3391447,"1.288.750",38
"185",2002,"MG",1,"Deputado Estadual",2166453,562969,360617,12680350,"3.90.039",24.37
"186",2002,"MG",1,"Deputado Federal",2166453,554421,339150,12680350,"3.60.024",24.13
"187",2002,"MG",1,"Governador",2166461,546052,794569,12680350,"3.507.082",27.66
"188",2002,"MG",1,"Presidente",2166461,369632,731126,12680350,"3.267.219",25.77
"189",2002,"MG",1,"Senador",2166461,1846420,3093634,12680350,"7.106.515",56.04
"190",2002,"MG",2,"Presidente",2474828,197540,399394,12680412,"3.71.762",24.22
"191",2002,"MS",1,"Deputado Estadual",254258,37281,23337,1411773,"314.876",22.3
"192",2002,"MS",1,"Deputado Federal",254258,39739,22311,1411773,"316.308",22.41
"193",2002,"MS",1,"Governador",254257,28186,74412,1411773,"356.855",25.28
"194",2002,"MS",1,"Presidente",254257,23218,58190,1411773,"335.665",23.78
"195",2002,"MS",1,"Senador",254257,119964,272712,1411773,"646.933",45.82
"196",2002,"MS",2,"Governador",292628,10214,26844,1411773,"329.686",23.35
"197",2002,"MS",2,"Presidente",292628,14344,27666,1411773,"334.638",23.7
"198",2002,"MT",1,"Deputado Estadual",383062,41277,26344,1728703,"450.683",26.07
"199",2002,"MT",1,"Deputado Federal",383062,47135,27772,1728703,"457.969",26.49
"200",2002,"MT",1,"Governador",383036,38632,85369,1728703,"507.037",29.33
"201",2002,"MT",1,"Presidente",383036,28841,64988,1728703,"476.865",27.59
"202",2002,"MT",1,"Senador",383036,152817,322407,1728703,"858.260",49.65
"203",2002,"MT",2,"Presidente",492570,15371,29836,1728703,"537.777",31.11
"204",2002,"PA",1,"Deputado Estadual",792307,69523,51323,3569096,"913.153",25.58
"205",2002,"PA",1,"Deputado Federal",792307,67353,43106,3569096,"902.766",25.29
"206",2002,"PA",1,"Governador",792300,66575,201033,3569096,"1.59.908",29.7
"207",2002,"PA",1,"Presidente",792300,53119,191319,3569096,"1.36.738",29.05
"208",2002,"PA",1,"Senador",792300,226242,587019,3569096,"1.605.561",44.99
"209",2002,"PA",2,"Governador",980481,23930,68611,3569333,"1.73.022",30.06
"210",2002,"PA",2,"Presidente",980481,24766,61990,3569333,"1.67.237",29.9
"211",2002,"PB",1,"Deputado Estadual",416561,107251,65428,2322068,"589.240",25.38
"212",2002,"PB",1,"Deputado Federal",416561,120173,58686,2322068,"595.420",25.64
"213",2002,"PB",1,"Governador",416560,98779,197904,2322068,"713.243",30.72
"214",2002,"PB",1,"Presidente",416560,83551,242757,2322068,"742.868",31.99
"215",2002,"PB",1,"Senador",416560,310439,606409,2322068,"1.333.408",57.42
"216",2002,"PB",2,"Governador",427754,30474,130791,2322068,"589.019",25.37
"217",2002,"PB",2,"Presidente",427754,38138,128746,2322068,"594.638",25.61
"218",2002,"PE",1,"Deputado Estadual",1150444,301717,133817,5396667,"1.585.978",29.39
"219",2002,"PE",1,"Deputado Federal",1150444,309480,117684,5396667,"1.577.608",29.23
"220",2002,"PE",1,"Governador",1150439,316315,513263,5396667,"1.980.017",36.69
"221",2002,"PE",1,"Presidente",1150439,222637,454269,5396667,"1.827.345",33.86
"222",2002,"PE",1,"Senador",1150439,1008554,1261823,5396667,"3.420.816",63.39
"223",2002,"PE",2,"Presidente",1300819,91291,151752,5396667,"1.543.862",28.61
"224",2002,"PI",1,"Deputado Estadual",291659,47222,47309,1848292,"386.190",20.89
"225",2002,"PI",1,"Deputado Federal",291659,45730,38742,1848292,"376.131",20.35
"226",2002,"PI",1,"Governador",291650,40827,165080,1848292,"497.557",26.92
"227",2002,"PI",1,"Presidente",291650,40385,200972,1848292,"533.007",28.84
"228",2002,"PI",1,"Senador",291650,171988,458777,1848292,"922.415",49.91
"229",2002,"PI",2,"Presidente",406397,17814,65221,1848292,"489.432",26.48
"230",2002,"PR",1,"Deputado Estadual",1077980,268853,125350,6663199,"1.472.183",22.09
"231",2002,"PR",1,"Deputado Federal",1077980,306297,130787,6663199,"1.515.064",22.74
"232",2002,"PR",1,"Governador",1077980,219555,219048,6663199,"1.516.583",22.76
"233",2002,"PR",1,"Presidente",1077980,156028,361962,6663199,"1.595.970",23.95
"234",2002,"PR",1,"Senador",1077980,859452,1075076,6663199,"3.12.508",45.21
"235",2002,"PR",2,"Governador",1234903,133032,432589,6663257,"1.800.524",27.02
"236",2002,"PR",2,"Presidente",1234903,111205,370524,6663257,"1.716.632",25.76
"237",2002,"RJ",1,"Deputado Estadual",1499487,339808,267145,10211785,"2.106.440",20.63
"238",2002,"RJ",1,"Deputado Federal",1499487,352307,288458,10211785,"2.140.252",20.96
"239",2002,"RJ",1,"Governador",1499485,218490,499356,10211785,"2.217.331",21.71
"240",2002,"RJ",1,"Presidente",1499485,160845,375450,10211785,"2.35.780",19.94
"241",2002,"RJ",1,"Senador",1499485,813370,1571684,10211785,"3.884.539",38.04
"242",2002,"RJ",2,"Presidente",1730985,158230,323727,10213518,"2.212.942",21.67
"243",2002,"RN",1,"Deputado Estadual",337519,70418,46782,1917382,"454.719",23.72
"244",2002,"RN",1,"Deputado Federal",337519,76658,42516,1917382,"456.693",23.82
"245",2002,"RN",1,"Governador",337515,65661,191772,1917382,"594.948",31.03
"246",2002,"RN",1,"Presidente",337515,59322,189135,1917382,"585.972",30.56
"247",2002,"RN",1,"Senador",337515,224374,488815,1917382,"1.50.704",54.8
"248",2002,"RN",2,"Governador",396783,30131,146313,1917382,"573.227",29.9
"249",2002,"RN",2,"Presidente",396783,37591,149433,1917382,"583.807",30.45
"250",2002,"RO",1,"Deputado Estadual",189096,19524,13207,882545,"221.827",25.13
"251",2002,"RO",1,"Deputado Federal",189096,21295,13197,882545,"223.588",25.33
"252",2002,"RO",1,"Governador",189089,16697,55260,882545,"261.046",29.58
"253",2002,"RO",1,"Presidente",189089,14473,50012,882545,"253.574",28.73
"254",2002,"RO",1,"Senador",189089,65936,150033,882545,"405.058",45.9
"255",2002,"RO",2,"Governador",241102,10500,41656,882545,"293.258",33.23
"256",2002,"RO",2,"Presidente",241102,10830,29029,882545,"280.961",31.84
"257",2002,"RR",1,"Deputado Estadual",33314,1891,2397,208524,"37.602",18.03
"258",2002,"RR",1,"Deputado Federal",33314,3315,2923,208524,"39.552",18.97
"259",2002,"RR",1,"Governador",33313,1723,18446,208524,"53.482",25.65
"260",2002,"RR",1,"Presidente",33313,1944,13250,208524,"48.507",23.26
"261",2002,"RR",1,"Senador",33313,9573,33716,208524,"76.602",36.74
"262",2002,"RR",2,"Governador",37758,849,7206,208524,"45.813",21.97
"263",2002,"RR",2,"Presidente",37758,2564,9423,208524,"49.745",23.86
"264",2002,"RS",1,"Deputado Estadual",955166,339050,107664,7352139,"1.401.880",19.07
"265",2002,"RS",1,"Deputado Federal",955166,348952,103664,7352139,"1.407.782",19.15
"266",2002,"RS",1,"Governador",955150,240865,260680,7352139,"1.456.695",19.81
"267",2002,"RS",1,"Presidente",955150,204935,288294,7352139,"1.448.379",19.7
"268",2002,"RS",1,"Senador",955150,866097,902578,7352139,"2.723.825",37.05
"269",2002,"RS",2,"Governador",1073931,105764,194129,7352139,"1.373.824",18.69
"270",2002,"RS",2,"Presidente",1073931,137931,234814,7352139,"1.446.676",19.68
"271",2002,"SC",1,"Deputado Estadual",516405,134416,64844,3817974,"715.665",18.74
"272",2002,"SC",1,"Deputado Federal",516405,157727,71666,3817974,"745.798",19.53
"273",2002,"SC",1,"Governador",516405,101981,146034,3817974,"764.420",20.02
"274",2002,"SC",1,"Presidente",516405,80032,183080,3817974,"779.517",20.42
"275",2002,"SC",1,"Senador",516405,454945,543223,3817974,"1.514.573",39.67
"276",2002,"SC",2,"Governador",579033,45100,189671,3817974,"813.804",21.32
"277",2002,"SC",2,"Presidente",579033,59175,194580,3817974,"832.788",21.81
"278",2002,"SE",1,"Deputado Estadual",198741,42615,30253,1147933,"271.609",23.66
"279",2002,"SE",1,"Deputado Federal",198741,49552,32964,1147933,"281.257",24.5
"280",2002,"SE",1,"Governador",198744,39488,122882,1147933,"361.114",31.46
"281",2002,"SE",1,"Presidente",198744,37003,104555,1147933,"340.302",29.64
"282",2002,"SE",1,"Senador",198744,142579,271838,1147933,"613.161",53.41
"283",2002,"SE",2,"Governador",202673,15273,54552,1147933,"272.498",23.74
"284",2002,"SE",2,"Presidente",202673,20240,71108,1147933,"294.021",25.61
"285",2002,"SP",1,"Deputado Estadual",4086503,1258842,721087,25651378,"6.66.432",23.65
"286",2002,"SP",1,"Deputado Federal",4086503,1188622,742304,25651378,"6.17.429",23.46
"287",2002,"SP",1,"Governador",4086491,892383,1065805,25651378,"6.44.679",23.56
"288",2002,"SP",1,"Presidente",4086491,717220,1098264,25651378,"5.901.975",23.01
"289",2002,"SP",1,"Senador",4086491,3403390,4567633,25651378,"12.57.514",47.01
"290",2002,"SP",2,"Governador",4162264,366408,647199,25655553,"5.175.871",20.17
"291",2002,"SP",2,"Presidente",4162264,448562,707258,25655553,"5.318.084",20.73
"292",2002,"TO",1,"Deputado Estadual",161822,13705,16731,785397,"192.258",24.48
"293",2002,"TO",1,"Deputado Federal",161822,15167,18406,785397,"195.395",24.88
"294",2002,"TO",1,"Governador",161818,15234,58333,785397,"235.385",29.97
"295",2002,"TO",1,"Presidente",161818,11637,89275,785397,"262.730",33.45
"296",2002,"TO",1,"Senador",161818,69430,186646,785397,"417.894",53.21
"297",2002,"TO",2,"Presidente",225570,5999,20074,785397,"251.643",32.04
"298",2006,"AC",1,"Deputado Estadual",78422,4993,6719,412840,"90.134",21.83
"299",2006,"AC",1,"Deputado Federal",78422,7209,7686,412840,"93.317",22.6
"300",2006,"AC",1,"Governador",78422,3805,17792,412840,"100.019",24.23
"301",2006,"AC",1,"Presidente",78422,4018,17759,412840,"100.199",24.27
"302",2006,"AC",1,"Senador",78422,9358,31886,412840,"119.666",28.99
"303",2006,"AC",2,"Presidente",114177,1899,7269,412840,"123.345",29.88
"304",2006,"AL",1,"Deputado Estadual",345737,72436,50098,1859487,"468.271",25.18
"305",2006,"AL",1,"Deputado Federal",345737,78754,45393,1859487,"469.884",25.27
"306",2006,"AL",1,"Governador",345737,68459,132132,1859487,"546.328",29.38
"307",2006,"AL",1,"Presidente",345737,48020,124838,1859487,"518.595",27.89
"308",2006,"AL",1,"Senador",345737,75424,187809,1859487,"608.970",32.75
"309",2006,"AL",2,"Presidente",455444,15587,49892,1859487,"520.923",28.01
"310",2006,"AM",1,"Deputado Estadual",316270,42641,21430,1781246,"380.341",21.35
"311",2006,"AM",1,"Deputado Federal",316270,50004,20586,1781246,"386.860",21.72
"312",2006,"AM",1,"Governador",316270,20571,85792,1781246,"422.633",23.73
"313",2006,"AM",1,"Presidente",316270,18792,74515,1781246,"409.577",22.99
"314",2006,"AM",1,"Senador",316270,45234,93880,1781246,"455.384",25.57
"315",2006,"AM",2,"Presidente",411199,8456,25392,1781094,"445.047",24.99
"316",2006,"AP",1,"Deputado Estadual",51487,3473,3848,360614,"58.808",16.31
"317",2006,"AP",1,"Deputado Federal",51487,4967,4850,360614,"61.304",17
"318",2006,"AP",1,"Governador",51487,1986,8832,360614,"62.305",17.28
"319",2006,"AP",1,"Presidente",51487,2474,11241,360614,"65.202",18.08
"320",2006,"AP",1,"Senador",51487,5645,18951,360614,"76.083",21.1
"321",2006,"AP",2,"Presidente",81020,1779,5516,360614,"88.315",24.49
"322",2006,"BA",1,"Deputado Estadual",1884249,416426,273866,9109353,"2.574.541",28.26
"323",2006,"BA",1,"Deputado Federal",1884249,409826,243397,9109353,"2.537.472",27.86
"324",2006,"BA",1,"Governador",1884249,356363,724035,9109353,"2.964.647",32.55
"325",2006,"BA",1,"Presidente",1884249,201151,581489,9109353,"2.666.889",29.28
"326",2006,"BA",1,"Senador",1884249,540810,1021675,9109353,"3.446.734",37.84
"327",2006,"BA",2,"Presidente",2121624,75653,266963,9108971,"2.464.240",27.05
"328",2006,"CE",1,"Deputado Estadual",932013,183674,130271,5361581,"1.245.958",23.24
"329",2006,"CE",1,"Deputado Federal",932013,190408,112233,5361581,"1.234.654",23.03
"330",2006,"CE",1,"Governador",932013,130872,432848,5361581,"1.495.733",27.9
"331",2006,"CE",1,"Presidente",932013,93891,329566,5361581,"1.355.470",25.28
"332",2006,"CE",1,"Senador",932013,219164,549783,5361581,"1.700.960",31.72
"333",2006,"CE",2,"Presidente",1076504,38672,126408,5361581,"1.241.584",23.16
"334",2006,"DF",1,"Deputado Estadual",229750,46152,37080,1655050,"312.982",18.91
"335",2006,"DF",1,"Deputado Federal",229750,60949,44417,1655050,"335.116",20.25
"336",2006,"DF",1,"Governador",229750,35647,72853,1655050,"338.250",20.44
"337",2006,"DF",1,"Presidente",229750,21237,55493,1655050,"306.480",18.52
"338",2006,"DF",1,"Senador",229750,55695,101557,1655050,"387.002",23.38
"339",2006,"DF",2,"Presidente",259284,15578,37043,1655050,"311.905",18.85
"340",2006,"ES",1,"Deputado Estadual",393284,102648,43145,2336133,"539.077",23.08
"341",2006,"ES",1,"Deputado Federal",393284,121491,51113,2336133,"565.888",24.22
"342",2006,"ES",1,"Governador",393284,73336,153119,2336133,"619.739",26.53
"343",2006,"ES",1,"Presidente",393284,51476,90355,2336133,"535.115",22.91
"344",2006,"ES",1,"Senador",393284,138263,150649,2336133,"682.196",29.2
"345",2006,"ES",2,"Presidente",451699,24319,43804,2336133,"519.822",22.25
"346",2006,"GO",1,"Deputado Estadual",640034,135231,83140,3734185,"858.405",22.99
"347",2006,"GO",1,"Deputado Federal",640034,155086,87555,3734185,"882.675",23.64
"348",2006,"GO",1,"Governador",640034,94935,270905,3734185,"1.5.874",26.94
"349",2006,"GO",1,"Presidente",640034,67409,180348,3734185,"887.791",23.77
"350",2006,"GO",1,"Senador",640034,150394,258285,3734185,"1.48.713",28.08
"351",2006,"GO",2,"Governador",762775,44752,287528,3734185,"1.95.055",29.33
"352",2006,"GO",2,"Presidente",762775,37096,223023,3734185,"1.22.894",27.39
"353",2006,"MA",1,"Deputado Estadual",817074,96739,77048,3920274,"990.861",25.28
"354",2006,"MA",1,"Deputado Federal",817074,113387,68906,3920274,"999.367",25.49
"355",2006,"MA",1,"Governador",817074,79295,291954,3920274,"1.188.323",30.31
"356",2006,"MA",1,"Presidente",817074,55177,229095,3920274,"1.101.346",28.09
"357",2006,"MA",1,"Senador",817074,147228,374995,3920274,"1.339.297",34.16
"358",2006,"MA",2,"Governador",947517,23259,260198,3920608,"1.230.974",31.4
"359",2006,"MA",2,"Presidente",947517,24518,253945,3920608,"1.225.980",31.27
"360",2006,"MG",1,"Deputado Estadual",2447143,851291,541673,13679738,"3.840.107",28.07
"361",2006,"MG",1,"Deputado Federal",2447143,869467,558060,13679738,"3.874.670",28.32
"362",2006,"MG",1,"Governador",2447141,598563,919888,13679738,"3.965.592",28.99
"363",2006,"MG",1,"Presidente",2447141,384798,622953,13679738,"3.454.892",25.26
"364",2006,"MG",1,"Senador",2447141,1194778,1616115,13679738,"5.258.034",38.44
"365",2006,"MG",2,"Presidente",2683640,156832,395621,13679738,"3.236.093",23.66
"366",2006,"MS",1,"Deputado Estadual",272233,41537,24653,1561181,"338.423",21.68
"367",2006,"MS",1,"Deputado Federal",272233,54257,26943,1561181,"353.433",22.64
"368",2006,"MS",1,"Governador",272233,25248,75963,1561181,"373.444",23.92
"369",2006,"MS",1,"Presidente",272233,17422,48932,1561181,"338.587",21.69
"370",2006,"MS",1,"Senador",272233,55593,91201,1561181,"419.027",26.84
"371",2006,"MS",2,"Presidente",335791,8677,25256,1561181,"369.724",23.68
"372",2006,"MT",1,"Deputado Estadual",390654,59902,34896,1940270,"485.452",25.02
"373",2006,"MT",1,"Deputado Federal",390654,77009,35326,1940270,"502.989",25.92
"374",2006,"MT",1,"Governador",390654,55955,82500,1940270,"529.109",27.27
"375",2006,"MT",1,"Presidente",390654,28575,79233,1940270,"498.462",25.69
"376",2006,"MT",1,"Senador",390654,108368,164022,1940270,"663.044",34.17
"377",2006,"MT",2,"Presidente",468306,11158,29645,1940270,"509.109",26.24
"378",2006,"PA",1,"Deputado Estadual",824039,115258,68397,4157654,"1.7.694",24.24
"379",2006,"PA",1,"Deputado Federal",824039,126509,67763,4157654,"1.18.311",24.49
"380",2006,"PA",1,"Governador",824040,78015,129096,4157654,"1.31.151",24.8
"381",2006,"PA",1,"Presidente",824040,53781,129005,4157654,"1.6.826",24.22
"382",2006,"PA",1,"Senador",824040,190396,304413,4157654,"1.318.849",31.72
"383",2006,"PA",2,"Governador",1003679,27083,79851,4157735,"1.110.613",26.71
"384",2006,"PA",2,"Presidente",1003679,22357,70981,4157735,"1.97.017",26.38
"385",2006,"PB",1,"Deputado Estadual",419613,118898,72041,2573766,"610.552",23.72
"386",2006,"PB",1,"Deputado Federal",419613,141003,74536,2573766,"635.152",24.68
"387",2006,"PB",1,"Governador",419613,66221,184214,2573766,"670.048",26.03
"388",2006,"PB",1,"Presidente",419613,57181,169854,2573766,"646.648",25.12
"389",2006,"PB",1,"Senador",419613,202101,281162,2573766,"902.876",35.08
"390",2006,"PB",2,"Governador",441170,23981,155244,2573766,"620.395",24.1
"391",2006,"PB",2,"Presidente",441170,27087,134607,2573766,"602.864",23.42
"392",2006,"PE",1,"Deputado Estadual",1064542,385734,151521,5834512,"1.601.797",27.45
"393",2006,"PE",1,"Deputado Federal",1064542,427430,141926,5834512,"1.633.898",28
"394",2006,"PE",1,"Governador",1064542,339416,409700,5834512,"1.813.658",31.08
"395",2006,"PE",1,"Presidente",1064542,178589,370461,5834512,"1.613.592",27.66
"396",2006,"PE",1,"Senador",1064542,518438,630824,5834512,"2.213.804",37.94
"397",2006,"PE",2,"Governador",1163388,111805,545749,5834512,"1.820.942",31.21
"398",2006,"PE",2,"Presidente",1163388,85958,430108,5834512,"1.679.454",28.78
"399",2006,"PI",1,"Deputado Estadual",334856,60149,54072,2073504,"449.077",21.66
"400",2006,"PI",1,"Deputado Federal",334856,72766,48684,2073504,"456.306",22.01
"401",2006,"PI",1,"Governador",334856,42962,147565,2073504,"525.383",25.34
"402",2006,"PI",1,"Presidente",334856,33700,135783,2073504,"504.339",24.32
"403",2006,"PI",1,"Senador",334856,88285,234397,2073504,"657.538",31.71
"404",2006,"PI",2,"Presidente",424117,13545,62121,2073504,"499.783",24.1
"405",2006,"PR",1,"Deputado Estadual",1153861,356556,192206,7121257,"1.702.623",23.91
"406",2006,"PR",1,"Deputado Federal",1153861,389191,205640,7121257,"1.748.692",24.56
"407",2006,"PR",1,"Governador",1153861,213130,331643,7121257,"1.698.634",23.85
"408",2006,"PR",1,"Presidente",1153861,145476,249181,7121257,"1.548.518",21.75
"409",2006,"PR",1,"Senador",1153861,369087,505175,7121257,"2.28.123",28.48
"410",2006,"PR",2,"Governador",1250661,88774,455079,7121257,"1.794.514",25.2
"411",2006,"PR",2,"Presidente",1250661,79667,382809,7121257,"1.713.137",24.06
"412",2006,"RJ",1,"Deputado Estadual",1635603,543992,496558,10891293,"2.676.153",24.57
"413",2006,"RJ",1,"Deputado Federal",1635603,609138,554433,10891293,"2.799.174",25.7
"414",2006,"RJ",1,"Governador",1635603,399211,594195,10891293,"2.629.009",24.14
"415",2006,"RJ",1,"Presidente",1635603,292369,636682,10891293,"2.564.654",23.55
"416",2006,"RJ",1,"Senador",1635603,738210,1110752,10891293,"3.484.565",31.99
"417",2006,"RJ",2,"Governador",1889223,257100,1201999,10890932,"3.348.322",30.74
"418",2006,"RJ",2,"Presidente",1889223,191676,871262,10890932,"2.952.161",27.11
"419",2006,"RN",1,"Deputado Estadual",311232,83803,57698,2101144,"452.733",21.55
"420",2006,"RN",1,"Deputado Federal",311232,105059,59731,2101144,"476.022",22.66
"421",2006,"RN",1,"Governador",311232,56656,191195,2101144,"559.083",26.61
"422",2006,"RN",1,"Presidente",311232,49368,156775,2101144,"517.375",24.62
"423",2006,"RN",1,"Senador",311232,111875,216265,2101144,"639.372",30.43
"424",2006,"RN",2,"Governador",351506,21307,155058,2101144,"527.871",25.12
"425",2006,"RN",2,"Presidente",351506,25800,147476,2101144,"524.782",24.98
"426",2006,"RO",1,"Deputado Estadual",202715,26312,16678,988631,"245.705",24.85
"427",2006,"RO",1,"Deputado Federal",202715,34347,20391,988631,"257.453",26.04
"428",2006,"RO",1,"Governador",202715,21379,49307,988631,"273.401",27.65
"429",2006,"RO",1,"Presidente",202715,13595,40780,988631,"257.090",26
"430",2006,"RO",1,"Senador",202715,40678,68878,988631,"312.271",31.59
"431",2006,"RO",2,"Presidente",251191,5040,14267,988631,"270.498",27.36
"432",2006,"RR",1,"Deputado Estadual",34356,2716,2825,233596,"39.897",17.08
"433",2006,"RR",1,"Deputado Federal",34356,4665,3542,233596,"42.563",18.22
"434",2006,"RR",1,"Governador",34357,2413,10050,233596,"46.820",20.04
"435",2006,"RR",1,"Presidente",34357,2193,7934,233596,"44.484",19.04
"436",2006,"RR",1,"Senador",34357,4859,15582,233596,"54.798",23.46
"437",2006,"RR",2,"Presidente",54842,1291,3641,233596,"59.774",25.59
"438",2006,"RS",1,"Deputado Estadual",1073755,466748,197316,7750583,"1.737.819",22.42
"439",2006,"RS",1,"Deputado Federal",1073755,502785,206661,7750583,"1.783.201",23.01
"440",2006,"RS",1,"Governador",1073755,290919,192313,7750583,"1.556.987",20.09
"441",2006,"RS",1,"Presidente",1073755,214245,252527,7750583,"1.540.527",19.88
"442",2006,"RS",1,"Senador",1073755,668649,518073,7750583,"2.260.477",29.17
"443",2006,"RS",2,"Governador",1197001,128696,162821,7750583,"1.488.518",19.21
"444",2006,"RS",2,"Presidente",1197001,108626,147382,7750583,"1.453.009",18.75
"445",2006,"SC",1,"Deputado Estadual",580322,183028,117842,4168495,"881.192",21.14
"446",2006,"SC",1,"Deputado Federal",580322,227534,140893,4168495,"948.749",22.76
"447",2006,"SC",1,"Governador",580322,121597,192037,4168495,"893.956",21.45
"448",2006,"SC",1,"Presidente",580322,85003,164705,4168495,"830.030",19.91
"449",2006,"SC",1,"Senador",580322,279427,347168,4168495,"1.206.917",28.95
"450",2006,"SC",2,"Governador",635219,57406,278770,4168495,"971.395",23.3
"451",2006,"SC",2,"Presidente",635219,49146,226010,4168495,"910.375",21.84
"452",2006,"SE",1,"Deputado Estadual",188227,46940,33847,1299785,"269.014",20.7
"453",2006,"SE",1,"Deputado Federal",188227,58557,35851,1299785,"282.635",21.74
"454",2006,"SE",1,"Governador",188227,28685,77749,1299785,"294.661",22.67
"455",2006,"SE",1,"Presidente",188227,28229,76717,1299785,"293.173",22.56
"456",2006,"SE",1,"Senador",188227,57392,118631,1299785,"364.250",28.02
"457",2006,"SE",2,"Presidente",235797,12652,35102,1299785,"283.551",21.82
"458",2006,"SP",1,"Deputado Estadual",4265677,1808982,1195394,28037256,"7.270.053",25.93
"459",2006,"SP",1,"Deputado Federal",4265677,1667056,1175539,28037256,"7.108.272",25.35
"460",2006,"SP",1,"Governador",4265672,1124475,1227573,28037256,"6.617.720",23.6
"461",2006,"SP",1,"Presidente",4265672,709170,1048398,28037256,"6.23.240",21.48
"462",2006,"SP",1,"Senador",4265672,2223288,2741907,28037256,"9.230.867",32.92
"463",2006,"SP",2,"Presidente",4579144,303249,773627,28037734,"5.656.020",20.17
"464",2006,"TO",1,"Deputado Estadual",160647,12454,14471,882728,"187.572",21.25
"465",2006,"TO",1,"Deputado Federal",160647,16727,13565,882728,"190.939",21.63
"466",2006,"TO",1,"Governador",160646,7048,53087,882728,"220.781",25.01
"467",2006,"TO",1,"Presidente",160646,7603,45504,882728,"213.753",24.22
"468",2006,"TO",1,"Senador",160646,15566,70212,882728,"246.424",27.92
"469",2006,"TO",2,"Presidente",223319,4145,17924,882728,"245.388",27.8
"470",2010,"AC",1,"Deputado Estadual",106975,4856,6741,470545,"118.572",25.2
"471",2010,"AC",1,"Deputado Federal",106975,9718,7726,470545,"124.419",26.44
"472",2010,"AC",1,"Governador",106975,5263,21365,470545,"133.603",28.39
"473",2010,"AC",1,"Presidente",106975,3818,13931,470545,"124.724",26.51
"474",2010,"AC",1,"Senador",106975,23425,56512,470545,"186.912",39.72
"475",2010,"AC",2,"Presidente",134317,3563,12585,470200,"150.465",32
"476",2010,"AL",1,"Deputado Estadual",449639,75269,48754,2033483,"573.662",28.21
"477",2010,"AL",1,"Deputado Federal",449639,105310,60125,2033483,"615.074",30.25
"478",2010,"AL",1,"Governador",449639,76985,155375,2033483,"681.999",33.54
"479",2010,"AL",1,"Presidente",449639,57821,131944,2033483,"639.404",31.44
"480",2010,"AL",1,"Senador",449639,272895,371804,2033483,"1.94.338",53.82
"481",2010,"AL",2,"Governador",536872,38608,106487,2033518,"681.967",33.54
"482",2010,"AL",2,"Presidente",536872,32120,89922,2033518,"658.914",32.4
"483",2010,"AM",1,"Deputado Estadual",405988,41046,26121,2027377,"473.155",23.34
"484",2010,"AM",1,"Deputado Federal",405988,49665,28430,2027377,"484.083",23.88
"485",2010,"AM",1,"Governador",405988,30023,113418,2027377,"549.429",27.1
"486",2010,"AM",1,"Presidente",405988,21312,74903,2027377,"502.203",24.77
"487",2010,"AM",1,"Senador",405988,93851,204635,2027377,"704.474",34.75
"488",2010,"AM",2,"Presidente",543726,30369,37204,2028239,"611.299",30.14
"489",2010,"AP",1,"Deputado Estadual",62539,4497,4702,420331,"71.738",17.07
"490",2010,"AP",1,"Deputado Federal",62539,6815,5446,420331,"74.800",17.8
"491",2010,"AP",1,"Governador",62539,4424,21012,420331,"87.975",20.93
"492",2010,"AP",1,"Presidente",62539,3630,13422,420331,"79.591",18.94
"493",2010,"AP",1,"Senador",62539,20154,43100,420331,"125.793",29.93
"494",2010,"AP",2,"Governador",81796,2770,19123,420349,"103.689",24.67
"495",2010,"AP",2,"Presidente",81796,4443,17106,420349,"103.345",24.59
"496",2010,"BA",1,"Deputado Estadual",2057603,385945,272124,9543992,"2.715.672",28.45
"497",2010,"BA",1,"Deputado Federal",2057603,461490,317912,9543992,"2.837.005",29.73
"498",2010,"BA",1,"Governador",2057514,369605,684922,9543706,"3.112.041",32.61
"499",2010,"BA",1,"Presidente",2057514,221801,576490,9543706,"2.855.805",29.92
"500",2010,"BA",1,"Senador",2057514,1219331,2038867,9543706,"5.315.712",55.7
"501",2010,"BA",2,"Presidente",2369345,146826,342425,9544259,"2.858.596",29.95
"502",2010,"CE",1,"Deputado Estadual",1178631,215192,122359,5878066,"1.516.182",25.79
"503",2010,"CE",1,"Deputado Federal",1178631,287362,149387,5878066,"1.615.380",27.48
"504",2010,"CE",1,"Governador",1178631,241164,478099,5878066,"1.897.894",32.29
"505",2010,"CE",1,"Presidente",1178631,140365,360559,5878066,"1.679.555",28.57
"506",2010,"CE",1,"Senador",1178631,762377,1145189,5878066,"3.86.197",52.5
"507",2010,"CE",2,"Presidente",1358604,91042,177247,5878192,"1.626.893",27.68
"508",2010,"DF",1,"Deputado Estadual",283177,62661,47418,1833942,"393.256",21.44
"509",2010,"DF",1,"Deputado Federal",283177,87395,53591,1833942,"424.163",23.13
"510",2010,"DF",1,"Governador",283177,58332,91611,1833942,"433.120",23.62
"511",2010,"DF",1,"Presidente",283177,33674,60032,1833942,"376.883",20.55
"512",2010,"DF",1,"Senador",283177,230145,282588,1833942,"795.910",43.4
"513",2010,"DF",2,"Governador",354146,46001,109266,1834135,"509.413",27.77
"514",2010,"DF",2,"Presidente",354146,45821,92195,1834135,"492.162",26.83
"515",2010,"ES",1,"Deputado Estadual",438946,105166,49809,2521991,"593.921",23.55
"516",2010,"ES",1,"Deputado Federal",438946,139580,57070,2521991,"635.596",25.2
"517",2010,"ES",1,"Governador",438946,112916,145037,2521991,"696.899",27.63
"518",2010,"ES",1,"Presidente",438946,62569,94585,2521991,"596.100",23.64
"519",2010,"ES",1,"Senador",438946,340746,316501,2521991,"1.96.193",43.47
"520",2010,"ES",2,"Presidente",527745,52573,62285,2522072,"642.603",25.48
"521",2010,"GO",1,"Deputado Estadual",729276,146663,84389,4058912,"960.328",23.66
"522",2010,"GO",1,"Deputado Federal",729276,224110,113075,4058912,"1.66.461",26.27
"523",2010,"GO",1,"Governador",729276,102863,204206,4058912,"1.36.345",25.53
"524",2010,"GO",1,"Presidente",729276,84858,161985,4058912,"976.119",24.05
"525",2010,"GO",1,"Senador",729276,515009,574820,4058912,"1.819.105",44.82
"526",2010,"GO",2,"Governador",900924,47619,183165,4059028,"1.131.708",27.88
"527",2010,"GO",2,"Presidente",900924,61595,159963,4059028,"1.122.482",27.65
"528",2010,"MA",1,"Deputado Estadual",1035648,103367,72489,4320748,"1.211.504",28.04
"529",2010,"MA",1,"Deputado Federal",1035648,159978,78310,4320748,"1.273.936",29.48
"530",2010,"MA",1,"Governador",1035648,87896,282497,4320748,"1.406.041",32.54
"531",2010,"MA",1,"Presidente",1035648,67827,273494,4320748,"1.376.969",31.87
"532",2010,"MA",1,"Senador",1035648,485673,651809,4320748,"2.173.130",50.3
"533",2010,"MA",2,"Presidente",1275532,41114,103364,4320605,"1.420.010",32.87
"534",2010,"MG",1,"Deputado Estadual",2675492,806679,466115,14513934,"3.948.286",27.2
"535",2010,"MG",1,"Deputado Federal",2675492,889536,510032,14513934,"4.75.060",28.08
"536",2010,"MG",1,"Governador",2675492,712091,1120324,14513934,"4.507.907",31.06
"537",2010,"MG",1,"Presidente",2675492,418468,634386,14513934,"3.728.346",25.69
"538",2010,"MG",1,"Senador",2675492,1921556,2589278,14513934,"7.186.326",49.51
"539",2010,"MG",2,"Presidente",3045244,297028,529422,14514385,"3.871.694",26.67
"540",2010,"MS",1,"Deputado Estadual",308448,50255,32434,1700912,"391.137",23
"541",2010,"MS",1,"Deputado Federal",308448,69547,38826,1700912,"416.821",24.51
"542",2010,"MS",1,"Governador",308448,43306,91207,1700912,"442.961",26.04
"543",2010,"MS",1,"Presidente",308448,26786,63829,1700912,"399.063",23.46
"544",2010,"MS",1,"Senador",308448,160385,246417,1700912,"715.250",42.05
"545",2010,"MS",2,"Presidente",410546,19080,33765,1700979,"463.391",27.24
"546",2010,"MT",1,"Deputado Estadual",438820,60783,32756,2094032,"532.359",25.42
"547",2010,"MT",1,"Deputado Federal",438820,88033,43552,2094032,"570.405",27.24
"548",2010,"MT",1,"Governador",438820,57328,114306,2094032,"610.454",29.15
"549",2010,"MT",1,"Presidente",438820,32728,85891,2094032,"557.439",26.62
"550",2010,"MT",1,"Senador",438820,175812,240409,2094032,"855.041",40.83
"551",2010,"MT",2,"Presidente",545646,20082,35725,2094105,"601.453",28.72
"552",2010,"PA",1,"Deputado Estadual",1008755,99625,76332,4763365,"1.184.712",24.87
"553",2010,"PA",1,"Deputado Federal",1008755,149386,87560,4763365,"1.245.701",26.15
"554",2010,"PA",1,"Governador",1008755,100349,136702,4763365,"1.245.806",26.15
"555",2010,"PA",1,"Presidente",1008755,66727,141299,4763365,"1.216.781",25.54
"556",2010,"PA",1,"Senador",1008755,527361,765024,4763365,"2.301.140",48.31
"557",2010,"PA",2,"Governador",1275991,49303,99869,4763571,"1.425.163",29.92
"558",2010,"PA",2,"Presidente",1275991,40412,79571,4763571,"1.395.974",29.31
"559",2010,"PB",1,"Deputado Estadual",506052,130427,68672,2738313,"705.151",25.75
"560",2010,"PB",1,"Deputado Federal",506052,186929,91061,2738313,"784.042",28.63
"561",2010,"PB",1,"Governador",506052,101032,237303,2738313,"844.387",30.84
"562",2010,"PB",1,"Presidente",506052,80528,213747,2738313,"800.327",29.23
"563",2010,"PB",1,"Senador",506052,446538,532104,2738313,"1.484.694",54.22
"564",2010,"PB",2,"Governador",521249,38572,169073,2738389,"728.894",26.62
"565",2010,"PB",2,"Presidente",521249,53447,166383,2738389,"741.079",27.06
"566",2010,"PE",1,"Deputado Estadual",1214277,342027,133654,6256213,"1.689.958",27.01
"567",2010,"PE",1,"Deputado Federal",1214277,429748,151079,6256213,"1.795.104",28.69
"568",2010,"PE",1,"Governador",1214277,293496,580179,6256213,"2.87.952",33.37
"569",2010,"PE",1,"Presidente",1214277,204176,385828,6256213,"1.804.281",28.84
"570",2010,"PE",1,"Senador",1214277,1093339,1094369,6256213,"3.401.985",54.38
"571",2010,"PE",2,"Presidente",1373943,133692,177561,6256384,"1.685.196",26.94
"572",2010,"PI",1,"Deputado Estadual",448538,53743,44370,2261862,"546.651",24.17
"573",2010,"PI",1,"Deputado Federal",448538,79891,55772,2261862,"584.201",25.83
"574",2010,"PI",1,"Governador",448538,50739,196550,2261862,"695.827",30.76
"575",2010,"PI",1,"Presidente",448538,36380,154903,2261862,"639.821",28.29
"576",2010,"PI",1,"Senador",448538,169675,383496,2261862,"1.1.709",44.29
"577",2010,"PI",2,"Governador",517245,26138,155070,2261931,"698.453",30.88
"578",2010,"PI",2,"Presidente",517245,26645,128569,2261931,"672.459",29.73
"579",2010,"PR",1,"Deputado Estadual",1250376,368659,193580,7597999,"1.812.615",23.86
"580",2010,"PR",1,"Deputado Federal",1250376,411429,205490,7597999,"1.867.295",24.58
"581",2010,"PR",1,"Governador",1250376,215514,335083,7597999,"1.800.973",23.7
"582",2010,"PR",1,"Presidente",1250376,163486,249136,7597999,"1.662.998",21.89
"583",2010,"PR",1,"Senador",1250376,890752,970059,7597999,"3.111.187",40.95
"584",2010,"PR",2,"Presidente",1491451,112620,174761,7598134,"1.778.832",23.41
"585",2010,"RJ",1,"Deputado Estadual",2011597,583240,556568,11584083,"3.151.405",27.2
"586",2010,"RJ",1,"Deputado Federal",2011597,722753,654704,11584083,"3.389.054",29.26
"587",2010,"RJ",1,"Governador",2011597,586375,1090176,11584083,"3.688.148",31.84
"588",2010,"RJ",1,"Presidente",2011597,368193,659218,11584083,"3.39.008",26.23
"589",2010,"RJ",1,"Senador",2011597,1802079,2635976,11584083,"6.449.652",55.68
"590",2010,"RJ",2,"Presidente",2436258,313497,676712,11584435,"3.426.467",29.58
"591",2010,"RN",1,"Deputado Estadual",367434,93307,57787,2245115,"518.528",23.1
"592",2010,"RN",1,"Deputado Federal",367434,140330,76230,2245115,"583.994",26.01
"593",2010,"RN",1,"Governador",367434,103978,214122,2245115,"685.534",30.53
"594",2010,"RN",1,"Presidente",367434,75552,166966,2245115,"609.952",27.17
"595",2010,"RN",1,"Senador",367434,311808,453090,2245115,"1.132.332",50.44
"596",2010,"RN",2,"Presidente",483909,40639,75128,2245174,"599.676",26.71
"597",2010,"RO",1,"Deputado Estadual",231997,25062,14663,1078348,"271.722",25.2
"598",2010,"RO",1,"Deputado Federal",231997,36806,16940,1078348,"285.743",26.5
"599",2010,"RO",1,"Governador",231997,24311,34197,1078348,"290.505",26.94
"600",2010,"RO",1,"Presidente",231997,16533,40154,1078348,"288.684",26.77
"601",2010,"RO",1,"Senador",231997,96640,133759,1078348,"462.396",42.88
"602",2010,"RO",2,"Governador",276450,12746,68825,1078402,"358.021",33.2
"603",2010,"RO",2,"Presidente",276450,12997,56082,1078402,"345.529",32.04
"604",2010,"RR",1,"Deputado Estadual",37980,2490,3080,271596,"43.550",16.03
"605",2010,"RR",1,"Deputado Federal",37980,4175,3690,271596,"45.845",16.88
"606",2010,"RR",1,"Governador",37980,2914,10595,271596,"51.489",18.96
"607",2010,"RR",1,"Presidente",37980,2725,8270,271596,"48.975",18.03
"608",2010,"RR",1,"Senador",37980,13470,29059,271596,"80.509",29.64
"609",2010,"RR",2,"Governador",49924,2454,6052,271603,"58.430",21.51
"610",2010,"RR",2,"Presidente",49924,2507,5996,271603,"58.427",21.51
"611",2010,"RS",1,"Deputado Estadual",1204648,487153,166981,8107550,"1.858.782",22.93
"612",2010,"RS",1,"Deputado Federal",1204648,524822,176043,8107550,"1.905.513",23.5
"613",2010,"RS",1,"Governador",1204648,387225,230029,8107550,"1.821.902",22.47
"614",2010,"RS",1,"Presidente",1204648,266304,230837,8107550,"1.701.789",20.99
"615",2010,"RS",1,"Senador",1204648,1307450,972152,8107550,"3.484.250",42.98
"616",2010,"RS",2,"Presidente",1436185,148409,168223,8107785,"1.752.817",21.62
"617",2010,"SC",1,"Deputado Estadual",636654,216495,130733,4536718,"983.882",21.69
"618",2010,"SC",1,"Deputado Federal",636654,282998,144990,4536718,"1.64.642",23.47
"619",2010,"SC",1,"Governador",636654,175275,225654,4536718,"1.37.583",22.87
"620",2010,"SC",1,"Presidente",636654,110605,166330,4536718,"913.589",20.14
"621",2010,"SC",1,"Senador",636654,752990,728728,4536718,"2.118.372",46.69
"622",2010,"SC",2,"Presidente",766246,67252,116970,4536829,"950.468",20.95
"623",2010,"SE",1,"Deputado Estadual",240465,60258,38107,1425334,"338.830",23.77
"624",2010,"SE",1,"Deputado Federal",240465,91302,47689,1425334,"379.456",26.62
"625",2010,"SE",1,"Governador",240465,51601,101687,1425334,"393.753",27.63
"626",2010,"SE",1,"Presidente",240465,43054,78561,1425334,"362.080",25.4
"627",2010,"SE",1,"Senador",240465,225809,282091,1425334,"748.365",52.5
"628",2010,"SE",2,"Presidente",294968,23787,44462,1425359,"363.217",25.48
"629",2010,"SP",1,"Deputado Estadual",4979456,1929787,1243350,30289723,"8.152.593",26.92
"630",2010,"SP",1,"Deputado Federal",4979456,1843840,1196648,30289723,"8.19.944",26.48
"631",2010,"SP",1,"Governador",4979456,1230124,1226352,30289723,"7.435.932",24.55
"632",2010,"SP",1,"Presidente",4979456,856433,1027535,30289723,"6.863.424",22.66
"633",2010,"SP",1,"Senador",4979456,5617743,8151135,30289723,"18.748.334",61.9
"634",2010,"SP",2,"Presidente",5801614,618538,1099361,30290443,"7.519.513",24.82
"635",2010,"TO",1,"Deputado Estadual",175260,14862,15888,947904,"206.010",21.73
"636",2010,"TO",1,"Deputado Federal",175260,23886,20106,947904,"219.252",23.13
"637",2010,"TO",1,"Governador",175260,13713,66910,947904,"255.883",26.99
"638",2010,"TO",1,"Presidente",175260,9951,51829,947904,"237.040",25.01
"639",2010,"TO",1,"Senador",175260,64003,139625,947904,"378.888",39.97
"640",2010,"TO",2,"Presidente",251363,9455,22523,947926,"283.341",29.89
"641",2014,"AC",1,"Deputado Estadual",87748,6402,6770,506520,"100.920",19.92
"642",2014,"AC",1,"Deputado Federal",87748,11851,7720,506520,"107.319",21.19
"643",2014,"AC",1,"Governador",87748,6153,24029,506520,"117.930",23.28
"644",2014,"AC",1,"Presidente",87787,4344,15539,506805,"107.670",21.24
"645",2014,"AC",1,"Senador",87748,12319,31640,506520,"131.707",26
"646",2014,"AC",2,"Governador",112365,2510,8480,506522,"123.355",24.35
"647",2014,"AC",2,"Presidente",112416,3480,8234,506789,"124.130",24.49
"648",2014,"AL",1,"Deputado Estadual",382657,107037,74887,1995153,"564.581",28.3
"649",2014,"AL",1,"Deputado Federal",382657,139167,88722,1995153,"610.546",30.6
"650",2014,"AL",1,"Governador",382657,127767,199638,1995153,"710.062",35.59
"651",2014,"AL",1,"Presidente",382773,71611,131942,1995862,"586.326",29.38
"652",2014,"AL",1,"Senador",382657,167869,206848,1995153,"757.374",37.96
"653",2014,"AL",2,"Presidente",391704,25003,63302,1995776,"480.009",24.05
"654",2014,"AM",1,"Deputado Estadual",433813,67215,35723,2225630,"536.751",24.12
"655",2014,"AM",1,"Deputado Federal",433813,89383,41952,2225630,"565.148",25.39
"656",2014,"AM",1,"Governador",433813,42160,106650,2225630,"582.623",26.18
"657",2014,"AM",1,"Presidente",433944,36069,77909,2227037,"547.922",24.6
"658",2014,"AM",1,"Senador",433813,85459,110093,2225630,"629.365",28.28
"659",2014,"AM",2,"Governador",503405,26208,129621,2225691,"659.234",29.62
"660",2014,"AM",2,"Presidente",503584,27153,106262,2227001,"636.999",28.6
"661",2014,"AP",1,"Deputado Estadual",47522,6907,7727,455368,"62.156",13.65
"662",2014,"AP",1,"Deputado Federal",47522,11056,9891,455368,"68.469",15.04
"663",2014,"AP",1,"Governador",47522,4808,20023,455368,"72.353",15.89
"664",2014,"AP",1,"Presidente",47563,5045,13473,455680,"66.081",14.5
"665",2014,"AP",1,"Senador",47522,14715,29895,455368,"92.132",20.23
"666",2014,"AP",2,"Governador",66288,4946,20567,455368,"91.801",20.16
"667",2014,"AP",2,"Presidente",66350,3183,15833,455655,"85.366",18.73
"668",2014,"BA",1,"Deputado Estadual",2360558,517761,402868,10179390,"3.281.187",32.23
"669",2014,"BA",1,"Deputado Federal",2360558,624497,476364,10179390,"3.461.419",34
"670",2014,"BA",1,"Governador",2360558,496697,794912,10179390,"3.652.167",35.88
"671",2014,"BA",1,"Presidente",2360888,252761,580217,10181809,"3.193.866",31.37
"672",2014,"BA",1,"Senador",2360558,733614,1106584,10179390,"4.200.756",41.27
"673",2014,"BA",2,"Presidente",2525813,109113,333979,10181876,"2.968.905",29.16
"674",2014,"CE",1,"Deputado Estadual",1261344,315678,206727,6268909,"1.783.749",28.45
"675",2014,"CE",1,"Deputado Federal",1261344,397908,240085,6268909,"1.899.337",30.3
"676",2014,"CE",1,"Governador",1261344,303440,438492,6268909,"2.3.276",31.96
"677",2014,"CE",1,"Presidente",1261622,158513,328863,6271183,"1.748.998",27.89
"678",2014,"CE",1,"Senador",1261344,423463,586614,6268909,"2.271.421",36.23
"679",2014,"CE",2,"Governador",1363518,101772,272099,6268997,"1.737.389",27.71
"680",2014,"CE",2,"Presidente",1363841,69320,246882,6271096,"1.680.043",26.79
"681",2014,"DF",1,"Deputado Estadual",221189,79680,62463,1895697,"363.332",19.17
"682",2014,"DF",1,"Deputado Federal",221189,128247,89944,1895697,"439.380",23.18
"683",2014,"DF",1,"Governador",221189,61807,78398,1895697,"361.394",19.06
"684",2014,"DF",1,"Presidente",221769,38453,61585,1901499,"321.807",16.92
"685",2014,"DF",1,"Senador",221189,109251,130391,1895697,"460.831",24.31
"686",2014,"DF",2,"Governador",239633,42037,152701,1895994,"434.371",22.91
"687",2014,"DF",2,"Presidente",240413,29171,103434,1901543,"373.018",19.62
"688",2014,"ES",1,"Deputado Estadual",501373,148266,74820,2651621,"724.459",27.32
"689",2014,"ES",1,"Deputado Federal",501373,200025,94292,2651621,"795.690",30.01
"690",2014,"ES",1,"Governador",501374,117000,123653,2651621,"742.027",27.98
"691",2014,"ES",1,"Presidente",501647,81555,95501,2654025,"678.703",25.57
"692",2014,"ES",1,"Senador",501374,241082,228439,2651621,"970.895",36.62
"693",2014,"ES",2,"Presidente",576349,36418,63418,2654061,"676.185",25.48
"694",2014,"GO",1,"Deputado Estadual",815396,222366,150653,4329834,"1.188.415",27.45
"695",2014,"GO",1,"Deputado Federal",815396,282603,193844,4329834,"1.291.843",29.84
"696",2014,"GO",1,"Governador",815396,164424,185303,4329834,"1.165.123",26.91
"697",2014,"GO",1,"Presidente",815654,116422,171478,4331714,"1.103.554",25.48
"698",2014,"GO",1,"Senador",815396,372843,443186,4329834,"1.631.425",37.68
"699",2014,"GO",2,"Governador",932427,90917,258019,4329932,"1.281.363",29.59
"700",2014,"GO",2,"Presidente",932779,56035,157761,4331678,"1.146.575",26.47
"701",2014,"MA",1,"Deputado Estadual",1062192,154227,79116,4495864,"1.295.535",28.82
"702",2014,"MA",1,"Deputado Federal",1062192,202315,87458,4495864,"1.351.965",30.07
"703",2014,"MA",1,"Governador",1062192,142607,336105,4495864,"1.540.904",34.27
"704",2014,"MA",1,"Presidente",1062276,76768,211993,4496584,"1.351.037",30.05
"705",2014,"MA",1,"Senador",1062192,265922,295117,4495864,"1.623.231",36.1
"706",2014,"MA",2,"Presidente",1230721,34452,87584,4496565,"1.352.757",30.08
"707",2014,"MG",1,"Deputado Estadual",3050396,1049109,721316,15236578,"4.820.821",31.64
"708",2014,"MG",1,"Deputado Federal",3050396,1209613,802591,15236578,"5.62.600",33.23
"709",2014,"MG",1,"Governador",3050396,1043891,1019261,15236578,"5.113.548",33.56
"710",2014,"MG",1,"Presidente",3051191,467167,612199,15243511,"4.130.557",27.1
"711",2014,"MG",1,"Senador",3050396,1441159,1749334,15236578,"6.240.889",40.96
"712",2014,"MG",2,"Presidente",3226051,176052,427862,15243592,"3.829.965",25.13
"713",2014,"MS",1,"Deputado Estadual",373191,82920,41190,1817511,"497.301",27.36
"714",2014,"MS",1,"Deputado Federal",373191,115560,51099,1817511,"539.850",29.7
"715",2014,"MS",1,"Governador",373191,62041,60430,1817511,"495.662",27.27
"716",2014,"MS",1,"Presidente",373301,40125,52802,1818436,"466.228",25.64
"717",2014,"MS",1,"Senador",373191,105591,121647,1817511,"600.429",33.04
"718",2014,"MS",2,"Governador",420367,22109,35094,1817547,"477.570",26.28
"719",2014,"MS",2,"Presidente",420518,15635,28486,1818401,"464.639",25.55
"720",2014,"MT",1,"Deputado Estadual",501407,101804,62453,2188283,"665.664",30.42
"721",2014,"MT",1,"Deputado Federal",501407,147354,74988,2188283,"723.749",33.07
"722",2014,"MT",1,"Governador",501407,91340,137518,2188283,"730.265",33.37
"723",2014,"MT",1,"Presidente",501550,45585,82522,2189276,"629.657",28.76
"724",2014,"MT",1,"Senador",501407,165248,180318,2188283,"846.973",38.7
"725",2014,"MT",2,"Presidente",556699,14726,34888,2189335,"606.313",27.69
"726",2014,"PA",1,"Deputado Estadual",1094110,169445,108697,5185950,"1.372.252",26.46
"727",2014,"PA",1,"Deputado Federal",1094110,214643,118038,5185950,"1.426.791",27.51
"728",2014,"PA",1,"Governador",1094107,135202,292109,5185950,"1.521.418",29.34
"729",2014,"PA",1,"Presidente",1094229,84934,169255,5187201,"1.348.418",26
"730",2014,"PA",1,"Senador",1094107,268270,341395,5185950,"1.703.772",32.85
"731",2014,"PA",2,"Governador",1308042,57204,240437,5186031,"1.605.683",30.96
"732",2014,"PA",2,"Presidente",1308211,42609,171106,5187143,"1.521.926",29.34
"733",2014,"PB",1,"Deputado Estadual",500260,191294,119774,2834782,"811.328",28.62
"734",2014,"PB",1,"Deputado Federal",500260,245880,149343,2834782,"895.483",31.59
"735",2014,"PB",1,"Governador",500260,107143,192482,2834782,"799.885",28.22
"736",2014,"PB",1,"Presidente",500405,95338,141385,2835939,"737.128",25.99
"737",2014,"PB",1,"Senador",500260,264978,325589,2834782,"1.90.827",38.48
"738",2014,"PB",2,"Governador",510208,43095,141228,2834880,"694.531",24.5
"739",2014,"PB",2,"Presidente",510373,43722,132060,2835935,"686.155",24.2
"740",2014,"PE",1,"Deputado Estadual",1049479,476240,221583,6353859,"1.747.302",27.5
"741",2014,"PE",1,"Deputado Federal",1049479,565036,249805,6353859,"1.864.320",29.34
"742",2014,"PE",1,"Governador",1049479,380464,503880,6353859,"1.933.823",30.44
"743",2014,"PE",1,"Presidente",1049769,219853,275595,6356093,"1.545.217",24.31
"744",2014,"PE",1,"Senador",1049479,609474,566924,6353859,"2.225.877",35.03
"745",2014,"PE",2,"Presidente",1129107,102054,225837,6356106,"1.456.998",22.92
"746",2014,"PI",1,"Deputado Estadual",443062,70724,55582,2344476,"569.368",24.29
"747",2014,"PI",1,"Deputado Federal",443062,95755,69422,2344476,"608.239",25.94
"748",2014,"PI",1,"Governador",443062,67030,164635,2344476,"674.727",28.78
"749",2014,"PI",1,"Presidente",443123,37307,114734,2345040,"595.164",25.38
"750",2014,"PI",1,"Senador",443062,109151,217029,2344476,"769.242",32.81
"751",2014,"PI",2,"Presidente",498357,15919,61345,2345043,"575.621",24.55
"752",2014,"PR",1,"Deputado Estadual",1324920,466385,270021,7861171,"2.61.326",26.22
"753",2014,"PR",1,"Deputado Federal",1324920,539065,291820,7861171,"2.155.805",27.42
"754",2014,"PR",1,"Governador",1324920,303275,302979,7861171,"1.931.174",24.57
"755",2014,"PR",1,"Presidente",1325584,221643,252367,7867462,"1.799.594",22.87
"756",2014,"PR",1,"Senador",1324920,578339,621839,7861171,"2.525.098",32.12
"757",2014,"PR",2,"Presidente",1449824,81356,157545,7867456,"1.688.725",21.46
"758",2014,"RJ",1,"Deputado Estadual",2440581,783556,844206,12134443,"4.68.343",33.53
"759",2014,"RJ",1,"Deputado Federal",2440581,929016,964711,12134443,"4.334.308",35.72
"760",2014,"RJ",1,"Governador",2440581,592999,1108651,12134443,"4.142.231",34.14
"761",2014,"RJ",1,"Presidente",2441552,466901,886966,12141933,"3.795.419",31.26
"762",2014,"RJ",1,"Senador",2440581,904411,1365344,12134443,"4.710.336",38.82
"763",2014,"RJ",2,"Governador",2713771,319823,1315356,12134961,"4.348.950",35.84
"764",2014,"RJ",2,"Presidente",2714987,261629,990434,12142032,"3.967.050",32.67
"765",2014,"RN",1,"Deputado Estadual",391478,124441,149208,2326583,"665.127",28.59
"766",2014,"RN",1,"Deputado Federal",391478,165088,187164,2326583,"743.730",31.97
"767",2014,"RN",1,"Governador",391478,136498,315236,2326583,"843.212",36.24
"768",2014,"RN",1,"Presidente",391616,84980,186067,2327581,"662.663",28.47
"769",2014,"RN",1,"Senador",391478,166542,290705,2326583,"848.725",36.48
"770",2014,"RN",2,"Governador",410927,58770,244893,2326659,"714.590",30.71
"771",2014,"RN",2,"Presidente",411057,34826,163332,2327470,"609.215",26.17
"772",2014,"RO",1,"Deputado Estadual",240573,37704,23593,1126502,"301.870",26.8
"773",2014,"RO",1,"Deputado Federal",240573,56649,30805,1126502,"328.027",29.12
"774",2014,"RO",1,"Governador",240573,36157,46114,1126502,"322.844",28.66
"775",2014,"RO",1,"Presidente",240666,20625,37629,1127152,"298.920",26.52
"776",2014,"RO",1,"Senador",240573,65303,75999,1126502,"381.875",33.9
"777",2014,"RO",2,"Governador",274325,16228,49989,1126542,"340.542",30.23
"778",2014,"RO",2,"Presidente",274433,10005,35822,1127171,"320.260",28.41
"779",2014,"RR",1,"Deputado Estadual",37217,3925,4578,299411,"45.720",15.27
"780",2014,"RR",1,"Deputado Federal",37217,8145,7180,299411,"52.542",17.55
"781",2014,"RR",1,"Governador",37217,4600,14171,299411,"55.988",18.7
"782",2014,"RR",1,"Presidente",37276,3750,8858,299900,"49.884",16.63
"783",2014,"RR",1,"Senador",37217,9427,17820,299411,"64.464",21.53
"784",2014,"RR",2,"Governador",49191,3400,15011,299419,"67.602",22.58
"785",2014,"RR",2,"Presidente",49273,2270,11166,299886,"62.709",20.91
"786",2014,"RS",1,"Deputado Estadual",1408386,629407,238082,8385229,"2.275.875",27.14
"787",2014,"RS",1,"Deputado Federal",1408386,756938,274774,8385229,"2.440.098",29.1
"788",2014,"RS",1,"Governador",1408386,458233,360256,8385229,"2.226.875",26.56
"789",2014,"RS",1,"Presidente",1408912,313664,295870,8390220,"2.18.446",24.06
"790",2014,"RS",1,"Senador",1408386,717734,525641,8385229,"2.651.761",31.62
"791",2014,"RS",2,"Governador",1525358,214280,340743,8385656,"2.80.381",24.81
"792",2014,"RS",2,"Presidente",1526079,146601,263969,8390408,"1.936.649",23.08
"793",2014,"SC",1,"Deputado Estadual",796820,294771,199683,4855732,"1.291.274",26.59
"794",2014,"SC",1,"Deputado Federal",796820,399563,260351,4855732,"1.456.734",30
"795",2014,"SC",1,"Governador",796820,309739,315412,4855732,"1.421.971",29.28
"796",2014,"SC",1,"Presidente",797436,150783,200263,4860775,"1.148.482",23.63
"797",2014,"SC",1,"Senador",796820,490195,512610,4855732,"1.799.625",37.06
"798",2014,"SC",2,"Presidente",867884,50947,115084,4860832,"1.33.915",21.27
"799",2014,"SE",1,"Deputado Estadual",213706,86346,67468,1453597,"367.520",25.28
"800",2014,"SE",1,"Deputado Federal",213706,106363,80687,1453597,"400.756",27.57
"801",2014,"SE",1,"Governador",213706,78303,156786,1453597,"448.795",30.87
"802",2014,"SE",1,"Presidente",213799,54110,90595,1454443,"358.504",24.65
"803",2014,"SE",1,"Senador",213706,139357,184430,1453597,"537.493",36.98
"804",2014,"SE",2,"Presidente",231348,19090,50850,1454424,"301.288",20.72
"805",2014,"SP",1,"Deputado Estadual",6242936,2619489,1975488,31979717,"10.837.913",33.89
"806",2014,"SP",1,"Deputado Federal",6242936,2426244,1895514,31979717,"10.564.694",33.04
"807",2014,"SP",1,"Governador",6242936,2020613,2374946,31979717,"10.638.495",33.27
"808",2014,"SP",1,"Presidente",6245451,1253070,1525503,32004396,"9.24.024",28.2
"809",2014,"SP",1,"Senador",6242936,2895289,3653944,31979717,"12.792.169",40
"810",2014,"SP",2,"Presidente",6561766,501035,1137129,32004214,"8.199.930",25.62
"811",2014,"TO",1,"Deputado Estadual",195295,23249,20794,996379,"239.338",24.02
"812",2014,"TO",1,"Deputado Federal",195295,38622,28826,996379,"262.743",26.37
"813",2014,"TO",1,"Governador",195295,19775,78296,996379,"293.366",29.44
"814",2014,"TO",1,"Presidente",195373,14280,53553,996982,"263.206",26.4
"815",2014,"TO",1,"Senador",195295,44275,79516,996379,"319.086",32.02
"816",2014,"TO",2,"Presidente",246503,6856,22649,996958,"276.008",27.69
"817",2018,"AC",1,"Deputado Estadual",103929,7429,7465,547358,"118.823",21.71
"818",2018,"AC",1,"Deputado Federal",103929,10427,7882,547358,"122.238",22.33
"819",2018,"AC",1,"Governador",103929,7238,19115,547358,"130.282",23.8
"820",2018,"AC",1,"Presidente",103974,5499,16357,547608,"125.830",22.98
"821",2018,"AC",1,"Senador",103929,31134,60815,547358,"195.878",35.79
"822",2018,"AC",2,"Presidente",148461,6594,10659,547590,"165.714",30.26
"823",2018,"AL",1,"Deputado Estadual",494353,75150,115939,2187228,"685.442",31.34
"824",2018,"AL",1,"Deputado Federal",494353,92833,136496,2187228,"723.682",33.09
"825",2018,"AL",1,"Governador",494353,103344,291939,2187228,"889.636",40.67
"826",2018,"AL",1,"Presidente",494445,46692,111065,2187948,"652.202",29.81
"827",2018,"AL",1,"Senador",494353,245663,531326,2187228,"1.271.342",58.13
"828",2018,"AL",2,"Presidente",543276,25919,96413,2187735,"665.608",30.42
"829",2018,"AM",1,"Deputado Estadual",469693,67505,81053,2427111,"618.251",25.47
"830",2018,"AM",1,"Deputado Federal",469693,82920,95163,2427111,"647.776",26.69
"831",2018,"AM",1,"Governador",469693,39614,149036,2427111,"658.343",27.12
"832",2018,"AM",1,"Presidente",469964,29010,76277,2428842,"575.251",23.68
"833",2018,"AM",1,"Senador",469693,212516,410084,2427111,"1.92.293",45
"834",2018,"AM",2,"Governador",519229,20364,120198,2427159,"659.791",27.18
"835",2018,"AM",2,"Presidente",519542,29353,118680,2428821,"667.575",27.49
"836",2018,"AP",1,"Deputado Estadual",85442,7100,8432,511824,"100.974",19.73
"837",2018,"AP",1,"Deputado Federal",85442,11089,11273,511824,"107.804",21.06
"838",2018,"AP",1,"Governador",85442,6618,22757,511824,"114.817",22.43
"839",2018,"AP",1,"Presidente",85499,4739,12124,512119,"102.362",19.99
"840",2018,"AP",1,"Senador",85442,32187,61210,511824,"178.839",34.94
"841",2018,"AP",2,"Governador",117123,6169,22253,511826,"145.545",28.44
"842",2018,"AP",2,"Presidente",117178,6589,19638,512117,"143.405",28
"843",2018,"BA",1,"Deputado Estadual",2154937,379434,859130,10390247,"3.393.501",32.66
"844",2018,"BA",1,"Deputado Federal",2154937,373150,854819,10390247,"3.382.906",32.56
"845",2018,"BA",1,"Governador",2154937,314605,1170405,10390247,"3.639.947",35.03
"846",2018,"BA",1,"Presidente",2155168,169806,697750,10392015,"3.22.724",29.09
"847",2018,"BA",1,"Senador",2154937,1075280,3482999,10390247,"6.713.216",64.61
"848",2018,"BA",2,"Presidente",2191618,107203,547841,10391945,"2.846.662",27.39
"849",2018,"CE",1,"Deputado Estadual",1099042,260044,373372,6342532,"1.732.458",27.31
"850",2018,"CE",1,"Deputado Federal",1099042,263172,374928,6342532,"1.737.142",27.39
"851",2018,"CE",1,"Governador",1099042,246430,672245,6342532,"2.17.717",31.81
"852",2018,"CE",1,"Presidente",1099185,111881,252676,6343897,"1.463.742",23.07
"853",2018,"CE",1,"Senador",1099042,853822,1849607,6342532,"3.802.471",59.95
"854",2018,"CE",2,"Presidente",1185505,78178,288048,6343848,"1.551.731",24.46
"855",2018,"DF",1,"Deputado Estadual",389826,87589,78624,2081218,"556.039",26.72
"856",2018,"DF",1,"Deputado Federal",389826,122858,102916,2081218,"615.600",29.58
"857",2018,"DF",1,"Governador",389826,66576,113619,2081218,"570.021",27.39
"858",2018,"DF",1,"Presidente",390101,31995,59212,2085825,"481.308",23.08
"859",2018,"DF",1,"Senador",389826,324813,391313,2081218,"1.105.952",53.14
"860",2018,"DF",2,"Governador",394275,58471,134856,2081505,"587.602",28.23
"861",2018,"DF",2,"Presidente",394690,44657,102988,2086086,"542.335",26
"862",2018,"ES",1,"Deputado Estadual",530378,129964,127807,2753585,"788.149",28.62
"863",2018,"ES",1,"Deputado Federal",530378,144366,142393,2753585,"817.137",29.68
"864",2018,"ES",1,"Governador",530378,114918,175988,2753585,"821.284",29.83
"865",2018,"ES",1,"Presidente",530480,61910,113201,2754739,"705.591",25.61
"866",2018,"ES",1,"Senador",530378,346395,513931,2753585,"1.390.704",50.51
"867",2018,"ES",2,"Presidente",575920,51580,102536,2754415,"730.036",26.5
"868",2018,"GO",1,"Deputado Estadual",899328,196040,267095,4453034,"1.362.463",30.6
"869",2018,"GO",1,"Deputado Federal",899328,222192,293661,4453034,"1.415.181",31.78
"870",2018,"GO",1,"Governador",899328,182447,402526,4453034,"1.484.301",33.33
"871",2018,"GO",1,"Presidente",899468,81276,208869,4454402,"1.189.613",26.71
"872",2018,"GO",1,"Senador",899328,560309,1014949,4453034,"2.474.586",55.57
"873",2018,"GO",2,"Presidente",962605,59568,189457,4454429,"1.211.630",27.2
"874",2018,"MA",1,"Deputado Estadual",931519,139441,134837,4536193,"1.205.797",26.58
"875",2018,"MA",1,"Deputado Federal",931519,157939,145474,4536193,"1.234.932",27.22
"876",2018,"MA",1,"Governador",931517,104007,350759,4536193,"1.386.283",30.56
"877",2018,"MA",1,"Presidente",931638,60409,177960,4536954,"1.170.007",25.79
"878",2018,"MA",1,"Senador",931517,565192,940034,4536193,"2.436.743",53.72
"879",2018,"MA",2,"Presidente",1059456,42274,119765,4536973,"1.221.495",26.92
"880",2018,"MG",1,"Deputado Estadual",3483956,822231,1207933,15695210,"5.514.120",35.13
"881",2018,"MG",1,"Deputado Federal",3483956,848282,1249027,15695210,"5.581.265",35.56
"882",2018,"MG",1,"Governador",3483956,797534,1722385,15695210,"6.3.875",38.25
"883",2018,"MG",1,"Presidente",3484274,381959,845008,15698955,"4.711.241",30.01
"884",2018,"MG",1,"Senador",3483956,2206967,4541254,15695210,"10.232.177",65.19
"885",2018,"MG",2,"Governador",3631177,476476,1889549,15695460,"5.997.202",38.21
"886",2018,"MG",2,"Presidente",3631561,309049,1275394,15699063,"5.216.004",33.22
"887",2018,"MS",1,"Deputado Estadual",398287,86401,80274,1876929,"564.962",30.1
"888",2018,"MS",1,"Deputado Federal",398287,95339,85097,1876929,"578.723",30.83
"889",2018,"MS",1,"Governador",398287,68779,116509,1876929,"583.575",31.09
"890",2018,"MS",1,"Presidente",398397,30951,51412,1877705,"480.760",25.6
"891",2018,"MS",1,"Senador",398287,242899,376942,1876929,"1.18.128",54.24
"892",2018,"MS",2,"Governador",427646,38745,116897,1877020,"583.288",31.08
"893",2018,"MS",2,"Presidente",427770,27014,85889,1877747,"540.673",28.79
"894",2018,"MT",1,"Deputado Estadual",572006,93543,106522,2329374,"772.071",33.14
"895",2018,"MT",1,"Deputado Federal",572006,115183,125792,2329374,"812.981",34.9
"896",2018,"MT",1,"Governador",572006,96484,229370,2329374,"897.860",38.55
"897",2018,"MT",1,"Presidente",572086,33540,90262,2330024,"695.888",29.87
"898",2018,"MT",1,"Senador",572006,274527,478374,2329374,"1.324.907",56.88
"899",2018,"MT",2,"Presidente",611134,23071,60981,2330011,"695.186",29.84
"900",2018,"PA",1,"Deputado Estadual",1096978,147491,202935,5497589,"1.447.404",26.33
"901",2018,"PA",1,"Deputado Federal",1096978,185924,249704,5497589,"1.532.606",27.88
"902",2018,"PA",1,"Governador",1096978,145732,426403,5497589,"1.669.113",30.36
"903",2018,"PA",1,"Presidente",1097143,70590,188473,5498941,"1.356.206",24.66
"904",2018,"PA",1,"Senador",1096978,528388,1096248,5497589,"2.721.614",49.51
"905",2018,"PA",2,"Governador",1280584,81232,404458,5497638,"1.766.274",32.13
"906",2018,"PA",2,"Presidente",1280769,60908,302178,5498812,"1.643.855",29.89
"907",2018,"PB",1,"Deputado Estadual",431016,136764,225134,2866493,"792.914",27.66
"908",2018,"PB",1,"Deputado Federal",431016,164626,270937,2866493,"866.579",30.23
"909",2018,"PB",1,"Governador",431016,113634,397288,2866493,"941.938",32.86
"910",2018,"PB",1,"Presidente",431154,67039,204291,2868028,"702.484",24.49
"911",2018,"PB",1,"Senador",431016,445008,996084,2866493,"1.872.108",65.31
"912",2018,"PB",2,"Presidente",460754,36933,136900,2868023,"634.587",22.13
"913",2018,"PE",1,"Deputado Estadual",1175896,301226,562895,6567535,"2.40.017",31.06
"914",2018,"PE",1,"Deputado Federal",1175896,354663,701425,6567535,"2.231.984",33.99
"915",2018,"PE",1,"Governador",1175896,368863,1237334,6567535,"2.782.093",42.36
"916",2018,"PE",1,"Presidente",1176076,153557,514413,6569262,"1.844.046",28.07
"917",2018,"PE",1,"Senador",1175896,1180640,2942712,6567535,"5.299.248",80.69
"918",2018,"PE",2,"Presidente",1191872,76515,341822,6569316,"1.610.209",24.51
"919",2018,"PI",1,"Deputado Estadual",372423,67747,108596,2370010,"548.766",23.15
"920",2018,"PI",1,"Deputado Federal",372423,78267,123988,2370010,"574.678",24.25
"921",2018,"PI",1,"Governador",372423,63237,197505,2370010,"633.165",26.72
"922",2018,"PI",1,"Presidente",372489,32809,116180,2370421,"521.478",22
"923",2018,"PI",1,"Senador",372423,258543,655717,2370010,"1.286.683",54.29
"924",2018,"PI",2,"Presidente",423451,20914,86849,2370422,"531.214",22.41
"925",2018,"PR",1,"Deputado Estadual",1351508,448289,456832,7968409,"2.256.629",28.32
"926",2018,"PR",1,"Deputado Federal",1351508,433691,435007,7968409,"2.220.206",27.86
"927",2018,"PR",1,"Governador",1351508,366334,550549,7968409,"2.268.391",28.47
"928",2018,"PR",1,"Presidente",1351843,165991,308785,7972308,"1.826.619",22.91
"929",2018,"PR",1,"Senador",1351508,1248770,1848095,7968409,"4.448.373",55.83
"930",2018,"PR",2,"Presidente",1376226,132345,290303,7972080,"1.798.874",22.56
"931",2018,"RJ",1,"Deputado Estadual",2926758,628772,929182,12401199,"4.484.712",36.16
"932",2018,"RJ",1,"Deputado Federal",2926758,633446,955817,12401199,"4.516.021",36.42
"933",2018,"RJ",1,"Governador",2926758,539865,1205351,12401199,"4.671.974",37.67
"934",2018,"RJ",1,"Presidente",2927225,282605,653582,12406805,"3.863.412",31.14
"935",2018,"RJ",1,"Senador",2926758,1689111,3261171,12401199,"7.877.040",63.52
"936",2018,"RJ",2,"Governador",2984852,346970,1259983,12401560,"4.591.805",37.03
"937",2018,"RJ",2,"Presidente",2985349,219829,859238,12406861,"4.64.416",32.76
"938",2018,"RN",1,"Deputado Estadual",406098,88645,184168,2372548,"678.911",28.62
"939",2018,"RN",1,"Deputado Federal",406098,109541,230692,2372548,"746.331",31.46
"940",2018,"RN",1,"Governador",406098,86111,259795,2372548,"752.004",31.7
"941",2018,"RN",1,"Presidente",406222,44605,130877,2373957,"581.704",24.5
"942",2018,"RN",1,"Senador",406098,264393,745686,2372548,"1.416.177",59.69
"943",2018,"RN",2,"Governador",430383,34072,132179,2372579,"596.634",25.15
"944",2018,"RN",2,"Presidente",430545,29990,129752,2373876,"590.287",24.87
"945",2018,"RO",1,"Deputado Estadual",262219,34493,42634,1175133,"339.346",28.88
"946",2018,"RO",1,"Deputado Federal",262219,43183,50894,1175133,"356.296",30.32
"947",2018,"RO",1,"Governador",262219,36867,72821,1175133,"371.907",31.65
"948",2018,"RO",1,"Presidente",262277,15329,33110,1175617,"310.716",26.43
"949",2018,"RO",1,"Senador",262219,125915,228105,1175133,"616.239",52.44
"950",2018,"RO",2,"Governador",293339,21123,61491,1175173,"375.953",31.99
"951",2018,"RO",2,"Presidente",293413,13856,44054,1175634,"351.323",29.88
"952",2018,"RR",1,"Deputado Estadual",46399,3900,5712,333153,"56.011",16.81
"953",2018,"RR",1,"Deputado Federal",46399,6160,7306,333153,"59.865",17.97
"954",2018,"RR",1,"Governador",46399,4382,13927,333153,"64.708",19.42
"955",2018,"RR",1,"Presidente",46441,2833,7529,333591,"56.803",17.03
"956",2018,"RR",1,"Senador",46399,21366,46066,333153,"113.831",34.17
"957",2018,"RR",2,"Governador",62851,3232,10982,333166,"77.065",23.13
"958",2018,"RR",2,"Presidente",62925,3700,10811,333576,"77.436",23.21
"959",2018,"RS",1,"Deputado Estadual",1514852,581380,368241,8350718,"2.464.473",29.51
"960",2018,"RS",1,"Deputado Federal",1514852,596391,377423,8350718,"2.488.666",29.8
"961",2018,"RS",1,"Governador",1514852,404550,460182,8350718,"2.379.584",28.5
"962",2018,"RS",1,"Presidente",1515109,235396,230716,8353657,"1.981.221",23.72
"963",2018,"RS",1,"Senador",1514852,1547540,1550299,8350718,"4.612.691",55.24
"964",2018,"RS",2,"Governador",1576087,298456,642495,8350956,"2.517.038",30.14
"965",2018,"RS",2,"Presidente",1576396,208909,411601,8353814,"2.196.906",26.3
"966",2018,"SC",1,"Deputado Estadual",826754,268999,289759,5068421,"1.385.512",27.34
"967",2018,"SC",1,"Deputado Federal",826754,301690,319534,5068421,"1.447.978",28.57
"968",2018,"SC",1,"Governador",826754,260484,375916,5068421,"1.463.154",28.87
"969",2018,"SC",1,"Presidente",827201,103220,187275,5073479,"1.117.696",22.03
"970",2018,"SC",1,"Senador",826754,772905,1172937,5068421,"2.772.596",54.7
"971",2018,"SC",2,"Governador",855040,151683,342415,5068559,"1.349.138",26.62
"972",2018,"SC",2,"Presidente",855612,88680,221888,5073146,"1.166.180",22.99
"973",2018,"SE",1,"Deputado Estadual",296770,60607,127446,1576352,"484.823",30.76
"974",2018,"SE",1,"Deputado Federal",296770,72049,153377,1576352,"522.196",33.13
"975",2018,"SE",1,"Governador",296770,63994,228303,1576352,"589.067",37.37
"976",2018,"SE",1,"Presidente",296823,32124,107796,1577123,"436.743",27.69
"977",2018,"SE",1,"Senador",296770,191720,539360,1576352,"1.27.850",65.2
"978",2018,"SE",2,"Governador",312355,34855,179998,1576420,"527.208",33.44
"979",2018,"SE",2,"Presidente",312437,21087,119746,1577191,"453.270",28.74
"980",2018,"SP",1,"Deputado Estadual",7111052,2137781,2782946,33032372,"12.31.779",36.42
"981",2018,"SP",1,"Deputado Federal",7111052,1952806,2670041,33032372,"11.733.899",35.52
"982",2018,"SP",1,"Governador",7111052,1801747,3542566,33032372,"12.455.365",37.71
"983",2018,"SP",1,"Presidente",7111796,837211,1740759,33042545,"9.689.766",29.33
"984",2018,"SP",1,"Senador",7111052,5599960,10925931,33032372,"23.636.943",71.56
"985",2018,"SP",2,"Governador",7195323,1054978,3543394,33032785,"11.793.695",35.7
"986",2018,"SP",2,"Presidente",7196426,746949,2581039,33042569,"10.524.414",31.85
"987",2018,"TO",1,"Deputado Estadual",207540,19634,62862,1038754,"290.036",27.92
"988",2018,"TO",1,"Deputado Federal",207540,27259,86487,1038754,"321.286",30.93
"989",2018,"TO",1,"Governador",207540,14389,112022,1038754,"333.951",32.15
"990",2018,"TO",1,"Presidente",207589,8915,65924,1039188,"282.428",27.18
"991",2018,"TO",1,"Senador",207540,76167,311558,1038754,"595.265",57.31
"992",2018,"TO",2,"Presidente",258102,7688,45111,1039178,"310.901",29.92
